id,parent_id,summarized,text,length
dbumpog,t3_5lcee8,1,Stay safe though.,4
dbuq2yl,t3_5lb44z,1,"Stay strong, friend.",5
dbuqcrc,t3_5lbezd,1,made a book count so i could see how many books i could read in a year.,18
dbuqe1q,t3_5lbz35,1,"I'm starting my graduate program in August, an online program for a Masters in Library and Information Sciences out of Drexel University.",25
dbur9wo,t3_5lam6v,0,What's the number one thing you're looking forward to in 2017?,14
dbuw16i,t3_5l3c40,1,Tonight it's New Year's Eve and my wife and kids are already asleep.,16
dbuywsm,t3_5lbgw5,1,New year's resolutions are crap.,7
dbuyxn6,t3_5lbgw5,0,Six figures.,3
dbv3joz,t3_5l8otq,1,It's a weird thing to go through life thinking you're this terrible broken person and then thinking maybe you're not.,24
dbw171h,t3_5l3c40,0,"Has anybody read Me, Earl, and the Dying Girl?",12
dbwzk0a,t3_5kkc3a,1,Congrats!,2
dc1dyq7,t3_5kabg9,1,"Also I think you mentioned you got gifts for everyone, why?",13
dc252k7,t3_5kabg9,0,"It sucks that your family doesn't like you, but at least your niece has some compassion!",19
dc44okl,t3_5ks1eb,0,20 - Drink a whole bottle of absinthe.,9
dc44tan,t3_5k6omm,1,Cute Puppy!,3
dct30mh,t3_5joqk3,0,"The struggle is real, good luck!!!",10
dikwy8x,t3_5ks1eb,0,BB pellet challenge,3
dci6r9u,t3_5i5mfe,0,Lazy town all the fucking way even tho im still fat af,13
dd4dpyl,t3_5hep8h,1,Freshly ground red pebbercorns and salt as seasoning.,9
dbzt1km,t3_5ey7zs,0,Am I too late to the party?,8
dd500ca,t3_5e30r8,1,How long did it take to get your visa approved?,11
ddeakf9,t3_5fsgya,1,I think one can often learn things about what one thinks oneself as a result.,16
ddlzb9r,t3_5f4wrv,0,He persists in my memory to this day.,9
de2h1vl,t3_5ey7zs,0,I want life advice!!!,7
dbze27z,t3_59rafo,1,I love this happy ending.,6
dbzvvzk,t3_5anyge,1,Lol.,2
dc20kqd,t3_54kgrn,1,Long Live the Japanese scene!!!,8
dc20ok0,t3_54kgrn,1,"This music makes me feel light, jumpy, energetic.",11
dbx20a3,t3_4ze20k,1,someone finally gets it!,5
dbz0ox5,t3_525fza,1,That's quite the amazing story!,7
dc08ifx,t3_4vkgnz,0,Adolph Hitler blissfully tending his garden,6
dc5dmfn,t3_4ypvyx,0,Jalepe√±o or salt n vinegar chips and a tamarind jarritos,10
dc6qxsl,t3_4ze20k,1,"""Peep Show"" gets me every time.",9
dcvb5mp,t3_50mj2d,0,I feel you brother Go check out Conflicts new song on youtube just type in conflict devils door,18
de08pei,t3_539irb,1,I hate when cars stop.,6
dehvel6,t3_51qxh2,1,I bought a hat that I wear from time to time.,12
